"";"SERID";"SERCODIGOTROLL";"SERNOME_P";"FNTID";"TEMID";"Consultas";"SERBASE"
"1";1678536198;"POPTOT";"População  residente -  total";"IBGE";"População";448;"Regional"
"2";1828975897;"EXPORTACAO";"Exportações Brasileiras";"MDIC/SECEX";"Comércio exterior";294;"Regional"
"3";1611149386;"HOMIC";"Número de homicídios";"Datasus";"Segurança Pública";255;"Regional"
"4";40302;"POPUR";"População  residente - urbana";"IBGE";"População";253;"Regional"
"5";40283;"PIB";"PIB Municipal a preços constantes";"IBGE";"Contas Regionais";231;"Regional"
"6";45225051;"TOTRB";"Valor Total dos Rendimentos recebidos";"IBGE";"Renda";213;"Regional"
"7";40877;"PIBE";"PIB Estadual a preços constantes";"IBGE";"Contas Regionais";198;"Regional"
"8";243524983;"ADMIS";"Total da evolução de admissões";"MTE-Caged";"Emprego";165;"Regional"
"9";1574080954;"AREA";"Área Geográfica publicada nos Censos";"IBGE";"Geográfico";157;"Regional"
"10";40878;"PIBPCE";"PIB Estadual per capita";"IBGE";"Contas Regionais";157;"Regional"
"11";50000;"PIB_IBGE_5938_37";"PIB Municipal - Produto interno bruto a preços correntes";"IBGE";"Contas Regionais";155;"Regional"
"12";40303;"POPRU";"População  residente - rural";"IBGE";"População";139;"Regional"
"13";1611149422;"THOMIC";"Taxa de homicídios(100.000 Habitantes)";"IPEA";"Segurança Pública";132;"Regional"
"14";243524984;"DESLIG";"Total da evolução de desligamentos";"MTE-Caged";"Emprego";113;"Regional"
"15";1776285356;"ESTIMA_PO";"População residente - 1º de julho - estimativas";"IBGE";"População";111;"Regional"
"16";40883;"PIBIE";"PIB Estadual - indústria - valor adicionado - preços básicos";"IBGE";"Contas Regionais";101;"Regional"
"17";1540855420;"PIBPMCE";"PIB Estadual a preços de mercado  corrente";"IBGE";"Contas Regionais";98;"Regional"
"18";1611149387;"HOMICF";"Número de homicídios do sexo feminino";"Datasus";"Segurança Pública";97;"Regional"
"19";40296;"PIBAG";"PIB Municipal - agropecuária - valor adicionado - preços básicos";"IBGE";"Contas Regionais";92;"Regional"
"20";220638631;"PMETXDES";"Taxa de desemprego - referência: 30 dias - RMs";"IBGE";"Emprego";85;"Regional"
"21";1806462864;"IMPORTACAO";"Importações Brasileiras";"MDIC/SECEX";"Comércio exterior";85;"Regional"
"22";307002533;"ABATEBOVINOS";"Abate - bovinos - qde.";"IBGE";"Agropecuária";85;"Regional"
"23";40285;"PIBI";"PIB Municipal - indústria - valor adicionado - preços básicos";"IBGE";"Contas Regionais";75;"Regional"
"24";40890;"PIBAGE";"PIB Estadual - agropecuária - valor adicionado - preços básicos";"IBGE";"Contas Regionais";66;"Regional"
"25";45225053;"TOTRB_U";"Valor Total Urbano dos Rendimentos recebidos";"IBGE";"Renda";61;"Regional"
"26";40289;"PIBSE";"PIB Municipal - serviços - valor adicionado - preços básicos";"IBGE";"Contas Regionais";58;"Regional"
"27";40140;"DFEDUCM";"Despesas por função - educação e cultura - municipal";"Min. Fazenda-STN";"Finanças públicas";58;"Regional"
"28";40884;"PIBSEE";"PIB Estadual - serviços - valor adicionado - preços básicos";"IBGE";"Contas Regionais";54;"Regional"
"29";1765452341;"NEIN";"Número total de Estabelecimentos ou Unidades Locais - Industria";"IBGE";"Produção";53;"Regional"
"30";256021709;"REICMSE";"Receita tributária - ICMS - estadual";"Min. Fazenda-STN";"Finanças públicas";52;"Regional"
"31";1611149391;"HOMICMJ";"Número de homicídios de jovens de 15 a 29 anos do sexo masculino";"Datasus";"Segurança Pública";45;"Regional"
"32";55203859;"AREACOLSOJA";"Área colhida -  soja";"IBGE";"Agropecuária";45;"Regional"
"33";231453748;"PMCVENRE";"Vendas reais - varejo - índice (média 2011 = 100)";"IBGE";"Consumo e vendas";45;"Regional"
"34";220638596;"PMEPOPDESPER";"População desocupada - RMs";"IBGE";"Emprego";44;"Regional"
"35";1611149389;"HOMICJ";"Número de homicídios de jovens de 15 a 29 anos";"Datasus";"Segurança Pública";44;"Regional"
"36";55203919;"QUANTPRODCAFE";"Produção -  café";"IBGE";"Agropecuária";43;"Regional"
"37";55203765;"VALPRODTOT";"Produção - total";"IBGE";"Agropecuária";42;"Regional"
"38";286334526;"QUANTPRODCAFEM";"Produção -  café";"IBGE";"Agropecuária";42;"Regional"
"39";1611149390;"HOMICM";"Número de homicídios do sexo masculino";"Datasus";"Segurança Pública";41;"Regional"
"40";1904564395;"CONSUMORES";"Consumo de energia elétrica - residencial";"MME";"Consumo e vendas";41;"Regional"
"41";40286;"PIBIN";"PIB Municipal - indústria - transformação e extrativa mineral - valor adicionado - preços básicos";"IBGE";"Contas Regionais";40;"Regional"
"42";40156;"DFSAUSM";"Despesas por função - saúde e saneamento - municipal";"Min. Fazenda-STN";"Finanças públicas";38;"Regional"
"43";1611149388;"HOMICFJ";"Número de homicídios de jovens de 15 a 29 anos do sexo feminino";"Datasus";"Segurança Pública";37;"Regional"
"44";233531921;"PIMALIMEBEB";"Produção industrial - alimentos e bebidas - quantum - índice (média 2002 = 100)";"IBGE";"Produção";36;"Regional"
"45";45225052;"TOTRB_R";"Valor Total Rural dos Rendimentos recebidos";"IBGE";"Renda";35;"Regional"
"46";55203748;"AREAPLATOT";"Área plantada -  total";"IBGE";"Agropecuária";34;"Regional"
"47";233531890;"PIMALIMENT";"Produção industrial - alimentos - quantum - índice (média 2002 = 100)";"IBGE";"Produção";34;"Regional"
"48";40305;"POPM";"População  residente - homens";"IBGE";"População";33;"Regional"
"49";1574094056;"DEPOSITPRA";"Depósitos bancários à prazo";"BCB";"Moeda e crédito";33;"Regional"
"50";1574100879;"APLICACOES";"Aplicações bancárias";"BCB";"Moeda e crédito";32;"Regional"
"51";40911;"PIBITE";"PIB Estadual - indústria - transformação - valor adicionado - preços básicos";"IBGE";"Contas Regionais";32;"Regional"
"52";40136;"DFDEFSM";"Despesas por função - segurança nacional e eefesa pública - municipal";"Min. Fazenda-STN";"Finanças públicas";32;"Regional"
"53";45691324;"CN_TOTAL";"Despesas com salários nas atividades da  Indústria Total";"IBGE";"Emprego";32;"Regional"
"54";1750233378;"NESTACAO";"Número de estações ferroviárias no município";"RFFSA";"Transporte";31;"Regional"
"55";554485996;"RVENDATIV_COM";"Receitas de vendas nas atividades de comércio";"IBGE";"Vendas";30;"Regional"
"56";55203815;"AREACOLCANA";"Área colhida -  cana-de-açúcar";"IBGE";"Agropecuária";30;"Regional"
"57";40293;"PIBG";"PIB Municipal - serviços - administração pública - valor adicionado - preços básicos";"IBGE";"Contas Regionais";30;"Regional"
"58";233531891;"PIMBEBIDA";"Produção industrial - bebidas - quantum - índice (média 2002 = 100)";"IBGE";"Produção";29;"Regional"
"59";1611149410;"SUICID";"Número de suicídios";"Datasus";"Segurança Pública";29;"Regional"
"60";1776289095;"POP_PROJE";"População residente - 1º de julho - projeção";"IBGE";"População";28;"Regional"
"61";1798237608;"DFCETM";"Despesas por função - ciência e tecnologia - municipal";"Min. Fazenda-STN";"Finanças públicas";28;"Regional"
"62";220638615;"PMEPOPDES";"População desocupada - RMs";"IBGE";"Emprego";28;"Regional"
"63";55203826;"AREACOLFEIJAO";"Área colhida -  feijão";"IBGE";"Agropecuária";27;"Regional"
"64";40160;"DFTRAM";"Despesas por função - transporte- municipal";"Min. Fazenda-STN";"Finanças públicas";27;"Regional"
"65";2092078039;"TMP30JJA";"Estimativas das médias trimestrais de temperatura (°C): inverno(jun-ago)";"CRU";"Geográfico";27;"Regional"
"66";1611149380;"ACIDT";"Número de vítimas de acidentes de trânsito";"Datasus";"Segurança Pública";27;"Regional"
"67";286334518;"AREACOLALGODAO";"Área colhida -  algodão - Total";"IBGE";"Agropecuária";27;"Regional"
"68";344633741;"NUM_FERR";"Número de ferrovias que possuem estações ferroviárias no municipio";"OUTFONTE";"Transporte";26;"Regional"
"69";40179;"RECTRIBE";"Receita tributária - estadual";"Min. Fazenda-STN";"Finanças públicas";26;"Regional"
"70";55203809;"AREACOLCAFE";"Área colhida -  café";"IBGE";"Agropecuária";26;"Regional"
"71";220638612;"PMEPOPOCUPUBCC";"População ocupada - empregada - setor público - com carteira assinada - RMs";"IBGE";"Emprego";26;"Regional"
"72";220638613;"PMEPOPOCUPUBSC";"População ocupada - empregada - setor público - sem carteira assinada - RMs";"IBGE";"Emprego";26;"Regional"
"73";220638602;"PMEPOPOCUPER";"População ocupada - RMs";"IBGE";"Emprego";26;"Regional"
"74";220638619;"PMERENSPCCEFE";"Rendimento médio real efetivo - empregados - setor privado - com carteira assinada - RMs";"IBGE";"Emprego";25;"Regional"
"75";231453747;"PMCVENNOM";"Vendas nominais - varejo - índice (média 2011 = 100)";"IBGE";"Consumo e vendas";25;"Regional"
"76";55203787;"AREACOLARROZ";"Área colhida -  arroz";"IBGE";"Agropecuária";25;"Regional"
"77";1433151969;"COMP";"Comparecimento no primeiro turno das eleições";"TSE";"Eleitorado";25;"Regional"
"78";1789684509;"COMAGRE";"Fluxo de crédito rural - comercialização - agrícola";"BCB";"Moeda e crédito";25;"Regional"
"79";1789684482;"CUSPEC";"Estoque de crédito rural - custeio - pecuária";"BCB";"Moeda e crédito";25;"Regional"
"80";1789684485;"INVPEC";"Estoque de crédito rural - investimento - pecuária";"BCB";"Moeda e crédito";25;"Regional"
"81";1789684488;"COMPEC";"Estoque de crédito rural - comercialização - pecuária";"BCB";"Moeda e crédito";25;"Regional"
"82";1765452343;"EMPIN";"Pessoal ocupado - Industria";"IBGE";"Emprego";24;"Regional"
"83";40304;"POPF";"População residente - mulheres";"IBGE";"População";23;"Regional"
"84";55203842;"AREACOLMANDIOCA";"Área colhida -  mandioca";"IBGE";"Agropecuária";22;"Regional"
"85";55203848;"AREACOLMILHO";"Área colhida -  milho";"IBGE";"Agropecuária";22;"Regional"
"86";55203924;"QUANTPRODCANA";"Produção -  cana-de-açúcar";"IBGE";"Agropecuária";21;"Regional"
"87";40910;"PIBIEE";"PIB Estadual - indústria - extrativa mineral - valor adicionado - preços básicos";"IBGE";"Contas Regionais";21;"Regional"
"88";40135;"DFDEFSE";"Despesas por função - segurança nacional e eefesa pública - estadual";"Min. Fazenda-STN";"Finanças públicas";21;"Regional"
"89";1540855421;"PIBVRAE";"PIB Estadual - valor adicionado a preços constantes - var.(%)";"IBGE";"Contas Regionais";21;"Regional"
"90";1765452335;"NECO";"Número total de Estabelecimentos ou Unidades Locais - Comércio";"IBGE";"Produção";20;"Regional"
"91";1433151973;"ELEMUN";"Eleitorado";"TSE";"Eleitorado";20;"Regional"
"92";40180;"RECTRIBM";"Receita tributária - municipal";"Min. Fazenda-STN";"Finanças públicas";20;"Regional"
"93";220638597;"PMEPEA";"População economicamente ativa - RMs";"IBGE";"Emprego";20;"Regional"
"94";220638603;"PMEPOPOCUCC";"População ocupada - empregada - com carteira assinada - RMs";"IBGE";"Emprego";19;"Regional"
"95";220638611;"PMEPOPOCUPUB";"População ocupada - empregada - setor público - RMs";"IBGE";"Emprego";19;"Regional"
"96";55204029;"VALPRODCAFE";"Produção -  café";"IBGE";"Agropecuária";19;"Regional"
"97";231453749;"PMCVENREDES";"Vendas reais - varejo - índice dessaz. (média 2011 = 100)";"IBGE";"Consumo e vendas";18;"Regional"
"98";40128;"DFADMM";"Despesas por função - administração e planejamento - municipal";"Min. Fazenda-STN";"Finanças públicas";18;"Regional"
"99";40130;"DFAGRM";"Despesas por função - agricultura - municipal";"Min. Fazenda-STN";"Finanças públicas";18;"Regional"
"100";1433152250;"P1VO1";"Votação do candidato a presidente mais votado no primeiro turno(Municipal)";"TSE";"Presidente";18;"Regional"
"101";1433152356;"PUTEIS";"Votos úteis - presidente no primeiro turno";"TSE";"Presidente";18;"Regional"
"102";1904564399;"CONSUMOTOT";"Consumo de energia elétrica  - total";"MME";"Consumo e vendas";18;"Regional"
"103";2092078044;"PRE30JJA";"Estimativas das médias trimestrais precipitação pluviométrica(mm/mês):  inverno(jun-ago)";"CRU";"Geográfico";17;"Regional"
"104";40187;"RIPTUM";"Receita tributária - IPTU - municipal";"Min. Fazenda-STN";"Finanças públicas";17;"Regional"
"105";40301;"POPMRU";"População residente - rural  homens";"IBGE";"População";17;"Regional"
"106";40732;"F1PT1";"Partido do candidato a prefeito mais votado no primeiro turno";"TSE";"Prefeito";16;"Regional"
"107";40891;"PIBFE";"PIB Estadual - serviços - intermediação financeira - valor adicionado - preços básicos";"IBGE";"Contas Regionais";16;"Regional"
"108";40299;"POPFRU";"População residente - rural  mulheres";"IBGE";"População";16;"Regional"
"109";40300;"POPMUR";"População  residente - urbana  homens";"IBGE";"População";16;"Regional"
"110";40197;"RTRCOFPMM";"Cota-parte do fundo de participação - municipal";"Min. Fazenda-STN";"Finanças públicas";16;"Regional"
"111";40174;"RECORM";"Receita orçamentária - municipal";"Min. Fazenda-STN";"Finanças públicas";16;"Regional"
"112";1611149398;"PHOMIC";"Proporção de homicídios como causa de mortalidade";"IPEA";"Segurança Pública";16;"Regional"
"113";2092079331;"TMP30DJF";"Estimativas das médias trimestrais de temperatura (°C): verão(dez-fev)";"CRU";"Geográfico";16;"Regional"
"114";1574094055;"POUPANCA";"Poupança";"BCB";"Moeda e crédito";15;"Regional"
"115";1798236843;"DFCETE";"Despesas por função - ciência e tecnologia - estadual";"Min. Fazenda-STN";"Finanças públicas";15;"Regional"
"116";1433152344;"PPT";"Votação do PT - presidente no primeiro turno";"TSE";"Presidente";15;"Regional"
"117";307002537;"QUANTBOVINOS";"Efetivo - bovinos - qde.";"IBGE";"Agropecuária";15;"Regional"
"118";55203968;"QUANTPRODSOJA";"Produção -  soja";"IBGE";"Agropecuária";15;"Regional"
"119";119573686;"INPC";"INPC - Índice Nacional de  Preços ao  Consumidor";"IBGE";"Preços";14;"Regional"
"120";40150;"DFLEGM";"Despesas por função - legislativa- municipal";"Min. Fazenda-STN";"Finanças públicas";14;"Regional"
"121";40116;"DESPCORRM";"Despesa corrente - municipal";"Min. Fazenda-STN";"Finanças públicas";14;"Regional"
"122";40144;"DFHABM";"Despesas por função - habitação e urbanismo - municipal";"Min. Fazenda-STN";"Finanças públicas";14;"Regional"
"123";40134;"DFCOMM";"Despesas por função - comunicações - municipal";"Min. Fazenda-STN";"Finanças públicas";14;"Regional"
"124";40287;"PIBCC";"PIB Municipal - indústria - construção - valor adicionado - preços básicos";"IBGE";"Contas Regionais";14;"Regional"
"125";40860;"CHTOTMUN";"Capital Humano";"IPEA";"Estoque de capital";14;"Regional"
"126";1765452333;"EMPCO";"Pessoal ocupado - Comércio";"IBGE";"Emprego";14;"Regional"
"127";1611149392;"PACIDT";"Proporção de acidentes de trânsito como causa de mortalidade";"IPEA";"Segurança Pública";14;"Regional"
"128";1611149423;"THOMICF";"Taxa de homicídios do sexo feminino(100.000 Habitantes)";"IPEA";"Segurança Pública";13;"Regional"
"129";1433152286;"PBRANCO";"Votos brancos - presidente no primeiro turno";"TSE";"Presidente";13;"Regional"
"130";1480348991;"NCANDVOGE";"Número de candidatos votados - governador(Estadual)";"TSE";"Governador";13;"Regional"
"131";40853;"CRMUNTOT";"Capital Residencial - Total";"IPEA";"Estoque de capital";13;"Regional"
"132";40186;"RIMPTOTM";"Receita tributária - impostos - municipal";"Min. Fazenda-STN";"Finanças públicas";13;"Regional"
"133";40138;"DFDESRM";"Despesas por função - desenvolvimento regional - municipal";"Min. Fazenda-STN";"Finanças públicas";13;"Regional"
"134";220638606;"PMEPOPOCUEMP";"População ocupada - empregada - RMs";"IBGE";"Emprego";13;"Regional"
"135";233531894;"PIMCELUPAPEL";"Produção industrial - celulose, papel e produtos de papel - quantum - índice (média 2002 = 100)";"IBGE";"Produção";13;"Regional"
"136";233531905;"PIMMADEIRA";"Produção industrial - madeira - quantum - índice (média 2002 = 100)";"IBGE";"Produção";12;"Regional"
"137";55203837;"AREACOLLARANJA";"Área colhida -  laranja";"IBGE";"Agropecuária";12;"Regional"
"138";40124;"DESPKM";"Despesa de capital - municipal";"Min. Fazenda-STN";"Finanças públicas";12;"Regional"
"139";40152;"DFOFM";"Despesas por função - municipal";"Min. Fazenda-STN";"Finanças públicas";12;"Regional"
"140";40178;"RECORRM";"Receita corrente - municipal";"Min. Fazenda-STN";"Finanças públicas";12;"Regional"
"141";1438016803;"DISECE";"Custos de transportes da Sede Municipal até a Capital mais próxima";"Nemesis";"Transporte";12;"Regional"
"142";1433152290;"PNULO";"Votos nulos - presidente no primeiro turno";"TSE";"Presidente";12;"Regional"
"143";307002566;"QUANTVACASORD";"Efetivo - vacas ordenhadas - qde.";"IBGE";"Agropecuária";12;"Regional"
"144";1611149416;"TACIDT";"Taxa de vítimas de acidentes de trânsito(100.000 Habitantes)";"IPEA";"Segurança Pública";12;"Regional"
"145";1611149412;"SUICIDFJ";"Número de suicídios de jovens de 15 a 29 anos do sexo feminino";"Datasus";"Segurança Pública";12;"Regional"
"146";1574534192;"DISTCAPU";"Distância à capital estadual para os municípios da divisão político administrativa vigente em 2000";"IPEA";"Geográfico";12;"Regional"
"147";1690268383;"LATITUDE";"Latitude para os municípios da divisão político administrativa vigente em 2000";"IBGE";"Geográfico";12;"Regional"
"148";1765452339;"EMPSE";"Pessoal ocupado - Comércio, Serviços";"IBGE";"Emprego";12;"Regional"
"149";2092078040;"TMP30SON";"Estimativas das médias trimestrais de temperatura (°C): primavera(set-nov)";"CRU";"Geográfico";12;"Regional"
"150";1904564397;"CONSUMOIND";"Consumo de energia elétrica - industrial";"MME";"Consumo e vendas";12;"Regional"
"151";1410847843;"IMOVEL";"Valor dos bens - terras (próprias, arrendadas ou ocupadas )";"IBGE";"Agropecuária";11;"Regional"
"152";233531919;"PIMVEICULOSAUT";"Produção industrial - veículos automotores - quantum - índice (média 2002 = 100)";"IBGE";"Produção";11;"Regional"
"153";1433152238;"NCANDVOF";"Número de candidatos votados - prefeito";"TSE";"Prefeito";11;"Regional"
"154";1480349157;"NCANDVOPBR";"Número de candidatos votados - presidente(Brasil)";"TSE";"Presidente";11;"Regional"
"155";40158;"DFTRABM";"Despesas por função - trabalho- municipal";"Min. Fazenda-STN";"Finanças públicas";11;"Regional"
"156";40155;"DFSAUSE";"Despesas por função - saúde e saneamento - estadual";"Min. Fazenda-STN";"Finanças públicas";11;"Regional"
"157";40132;"DFASPRM";"Despesas por função - assistência e previdência - municipal";"Min. Fazenda-STN";"Finanças públicas";11;"Regional"
"158";40122;"DESPEENE";"Despesa de custeio - pessoal e encargos - estadual";"Min. Fazenda-STN";"Finanças públicas";11;"Regional"
"159";55204034;"VALPRODCANA";"Produção -  cana-de-açúcar";"IBGE";"Agropecuária";11;"Regional"
"160";162243783;"CESBFEIJAO";"Cesta básica - feijão - preço mensal";"Dieese";"Preços";11;"Regional"
"161";162243780;"CESBTOTAL";"Cesta básica - gasto  mensal";"Dieese";"Preços";10;"Regional"
"162";55203902;"QUANTPRODBANANA";"Produção -  banana";"IBGE";"Agropecuária";10;"Regional"
"163";40125;"DESPORE";"Despesa orçamentária - estadual";"Min. Fazenda-STN";"Finanças públicas";10;"Regional"
"164";40142;"DFENERM";"Despesas por função - energia e recursos minerais - municipal";"Min. Fazenda-STN";"Finanças públicas";10;"Regional"
"165";40159;"DFTRAE";"Despesas por função - transporte- estadual";"Min. Fazenda-STN";"Finanças públicas";10;"Regional"
"166";40298;"POPFUR";"População  residente - urbana  mulheres";"IBGE";"População";10;"Regional"
"167";40651;"VTOTC";"Total de vereadores eleitos";"TSE";"Vereador";10;"Regional"
"168";1433152394;"NCANDVOV";"Número de candidatos votados - vereador";"TSE";"Vereador";10;"Regional"
"169";303084543;"PMCVENNOMDES";"Vendas nominais - varejo - índice dessaz. (média 2011 = 100)";"IBGE";"Consumo e vendas";10;"Regional"
"170";2092078042;"PRE30DJF";"Estimativas das médias trimestrais precipitação pluviométrica(mm/mês): verão(dez-fev)";"CRU";"Geográfico";10;"Regional"
"171";1690268384;"LONGITUDE";"Longitude para os municípios da divisão político administrativa vigente em 2000";"IBGE";"Geográfico";10;"Regional"
"172";1697570724;"IMPPIB";"PIB Municipal - impostos sobre produtos";"IBGE";"Contas Regionais";10;"Regional"
"173";2092078038;"TMP30MAM";"Estimativas das médias trimestrais de temperatura (°C): outono(mar-mai)";"CRU";"Geográfico";10;"Regional"
"174";1904564396;"CONSUMOCOM";"Consumo de energia elétrica  - comercial";"MME";"Consumo e vendas";9;"Regional"
"175";1574089809;"TOTMUNE";"Números de Municípios";"IBGE";"Geográfico";9;"Regional"
"176";40735;"F1VO1";"Votação do candidato a prefeito mais votado no primeiro turno";"TSE";"Prefeito";9;"Regional"
"177";40151;"DFOFE";"Despesas por função - estadual";"Min. Fazenda-STN";"Finanças públicas";9;"Regional"
"178";40161;"DINVESTE";"Despesa de capital - investimento - estadual";"Min. Fazenda-STN";"Finanças públicas";9;"Regional"
"179";55204051;"VALPRODFUMO";"Produção -  fumo";"IBGE";"Agropecuária";9;"Regional"
"180";113837033;"TOTAMC0105";"Número de AMC no período de 2001 a 2005";"IBGE";"Geográfico";9;"Regional"
"181";55203804;"AREACOLCACAU";"Área colhida -  cacau";"IBGE";"Agropecuária";9;"Regional"
"182";55203793;"AREACOLBANANA";"Área colhida -  banana";"IBGE";"Agropecuária";8;"Regional"
"183";55203771;"AREACOLALGARB";"Área colhida -  algodão - arbóreo (caroço)";"IBGE";"Agropecuária";8;"Regional"
"184";55204012;"VALPRODBANANA";"Produção -  banana";"IBGE";"Agropecuária";8;"Regional"
"185";220638616;"PMEPOPOCU";"População ocupada - RMs";"IBGE";"Emprego";8;"Regional"
"186";40173;"RECORE";"Receita orçamentária - estadual";"Min. Fazenda-STN";"Finanças públicas";8;"Regional"
"187";40139;"DFEDUCE";"Despesas por função - educação e cultura - estadual";"Min. Fazenda-STN";"Finanças públicas";8;"Regional"
"188";40738;"F2PT1";"Partido do candidato a prefeito mais votado no segundo turno";"TSE";"Prefeito";8;"Regional"
"189";1611149427;"THOMICMJ";"Taxa de homicídios de jovens de 15 a 29 anos do sexo masculino(100.000 Habitantes)";"IPEA";"Segurança Pública";8;"Regional"
"190";1611149428;"TSUICID";"Taxa de suicídios(100.000 Habitantes)";"IPEA";"Segurança Pública";8;"Regional"
"191";307002555;"VALORLEITE";"Produção - leite";"IBGE";"Agropecuária";8;"Regional"
"192";554486000;"EMPCOM";"Pessoal ocupado - Comércio";"IBGE";"Emprego";8;"Regional"
"193";233531901;"PIMINDTRANSF";"Produção industrial - indústria de transformação - quantum - índice (média 2002 = 100)";"IBGE";"Produção";8;"Regional"
"194";233531904;"PIMINDUSTRIADES";"Produção industrial - indústria geral - quantum - índice dessaz. (média 2002 = 100)";"IBGE";"Produção";8;"Regional"
"195";2096725028;"PIBPOP";"População preparada para o PIB Estadual(ponderador)";"IBGE";"Contas Regionais";8;"Regional"
"196";2092078045;"PRE30SON";"Estimativas das médias trimestrais precipitação pluviométrica(mm/mês): primavera(set-nov)";"CRU";"Geográfico";8;"Regional"
"197";233531920;"PIMVESTUARIOACE";"Produção industrial - vestuário e acessórios - quantum - índice (média 2002 = 100)";"IBGE";"Produção";7;"Regional"
"198";286334519;"QUANTPRODALGODAO";"Produção -  algodão - Total";"IBGE";"Agropecuária";7;"Regional"
"199";307002554;"QUANTLEITE";"Produção - leite - qde.";"IBGE";"Agropecuária";7;"Regional"
"200";1480349501;"PARTGOV";"Partido do governador eleito";"TSE";"Governador";7;"Regional"
"201";1611149426;"THOMICM";"Taxa de homicídios do sexo masculino(100.000 Habitantes)";"IPEA";"Segurança Pública";7;"Regional"
"202";1611149413;"SUICIDJ";"Número de suicídios de jovens de 15 a 29 anos";"Datasus";"Segurança Pública";7;"Regional"
"203";1611149415;"SUICIDMJ";"Número de suicídios de jovens de 15 a 29 anos do sexo masculino";"Datasus";"Segurança Pública";7;"Regional"
"204";1611149411;"SUICIDF";"Número de suicídios do sexo feminino";"Datasus";"Segurança Pública";7;"Regional"
"205";1798237610;"DFDELM";"Despesas por função - desportes e lazer - municipal";"Min. Fazenda-STN";"Finanças públicas";7;"Regional"
"206";1765452347;"EMPOS";"Pessoal ocupado - Serviços";"IBGE";"Emprego";7;"Regional"
"207";40740;"F2VO1";"Votação do candidato a prefeito mais votado no segundo turno";"TSE";"Prefeito";7;"Regional"
"208";40291;"PIBT";"PIB Municipal - serviços - transporte, armazenagem e correio - valor adicionado - preços básicos";"IBGE";"Contas Regionais";7;"Regional"
"209";40115;"DESPCORRE";"Despesa Corrente - estadual";"Min. Fazenda-STN";"Finanças públicas";7;"Regional"
"210";220638607;"PMEPOPOCUSC";"População ocupada - empregada - sem carteira assinada - RMs";"IBGE";"Emprego";7;"Regional"
"211";162243791;"CESBACUCAR";"Cesta básica - açúcar - preço mensal";"Dieese";"Preços";7;"Regional"
"212";55203740;"AREACOLTOT";"Área colhida -  total";"IBGE";"Agropecuária";7;"Regional"
"213";55204056;"VALPRODLARANJA";"Produção -  laranja";"IBGE";"Agropecuária";6;"Regional"
"214";220638620;"PMERENCPEFE";"Rendimento médio real efetivo - trabalhadores por conta própria - RMs";"IBGE";"Emprego";6;"Regional"
"215";220638618;"PMERENOCUEFE";"Rendimento médio real efetivo - pessoas ocupadas - RMs";"IBGE";"Emprego";6;"Regional"
"216";233531897;"PIMEXTMIN";"Produção industrial - extrativa mineral - quantum - índice (média 2002 = 100)";"IBGE";"Produção";6;"Regional"
"217";220638630;"PMETXA";"Taxa de atividade - RMs";"IBGE";"Emprego";6;"Regional"
"218";40126;"DESPORM";"Despesa orçamentária - municipal";"Min. Fazenda-STN";"Finanças públicas";6;"Regional"
"219";40167;"DTRCORTOM";"Despesa - transferências correntes - municipal";"Min. Fazenda-STN";"Finanças públicas";6;"Regional"
"220";40194;"ROUTRKM";"Despesa de capital - transferência  outras aos municípios";"Min. Fazenda-STN";"Finanças públicas";6;"Regional"
"221";40199;"RTRCORTOM";"Receita - transferências correntes - municipal";"Min. Fazenda-STN";"Finanças públicas";6;"Regional"
"222";40741;"F2VO2";"Votação do segundo candidato a prefeito mais votado no segundo turno";"TSE";"Prefeito";6;"Regional"
"223";40736;"F1VO2";"Votação do segundo candidato a prefeito mais votado no primeiro turno";"TSE";"Prefeito";6;"Regional"
"224";40649;"VPTBC";"Total de vereadores eleitos do PTB";"TSE";"Vereador";6;"Regional"
"225";1765452337;"NESE";"Número total de Estabelecimentos ou Unidades Locais - Comércio, Serviços";"IBGE";"Produção";6;"Regional"
"226";1798237614;"DFENCEM";"Despesas por função - encargos especiais - municipal";"Min. Fazenda-STN";"Finanças públicas";6;"Regional"
"227";1904564398;"CONSUMOOUT";"Consumo de energia elétrica - outros";"MME";"Consumo e vendas";6;"Regional"
"228";2092078043;"PRE30MAM";"Estimativas das médias trimestrais precipitação pluviométrica(mm/mês): outono(mar-mai)";"CRU";"Geográfico";6;"Regional"
"229";1856503580;"POP20_24F";"Pessoas 20 a 24 anos - mulheres";"IBGE";"População";6;"Regional"
"230";1574094054;"DEPOSITPRI";"Depósitos bancários à vista - privado";"BCB";"Moeda e crédito";6;"Regional"
"231";1480349489;"PARTPRES";"Partido do presidente eleito";"TSE";"Presidente";6;"Regional"
"232";1480349855;"NCANDVOEE";"Número de candidatos votados - deputado estadual(Estadual)";"TSE";"Deputado Estadual";6;"Regional"
"233";1480349153;"NCANDVOP";"Número de candidatos votados - presidente(Municipal)";"TSE";"Presidente";6;"Regional"
"234";1433152262;"P1VO2";"Votação do segundo candidato a presidente mais votado no primeiro turno(Municipal)";"TSE";"Presidente";6;"Regional"
"235";1433152278;"P2VO2";"Votação do segundo candidato a presidente mais votado no segundo turno(Municipal)";"TSE";"Presidente";6;"Regional"
"236";381346329;"VDEMC";"Total de vereadores eleitos do DEM";"TSE";"Vereador";6;"Regional"
"237";233531922;"PIMPRODQUIM";"Produção industrial - produtos quimicos - quantum - índice (média 2002 = 100)";"IBGE";"Produção";6;"Regional"
"238";233531918;"PIMTEXTIL";"Produção industrial - têxtil - quantum - índice (média 2002 = 100)";"IBGE";"Produção";6;"Regional"
"239";286334529;"QUANTPRODFUMOM";"Produção -  fumo";"IBGE";"Agropecuária";6;"Regional"
"240";233531910;"PIMMETALURGIA";"Produção industrial - metalurgia básica - quantum - índice (média 2002 = 100)";"IBGE";"Produção";5;"Regional"
"241";474103128;"FAMILIAS_ASSENTA";"Número de famílias assentadas";"MDA";"Agropecuária";5;"Regional"
"242";1410847866;"VNAGP";"Valor da produção da agropecuária (exclusive industria rural)";"IBGE";"Agropecuária";5;"Regional"
"243";1410847856;"RESFAM";"Pessoal ocupado - agropecuária - responsáveis e membros da família";"IBGE";"Agropecuária";5;"Regional"
"244";1611149431;"TSUICIDJ";"Taxa de suicídios de jovens(100.000 Habitantes)";"IPEA";"Segurança Pública";5;"Regional"
"245";40647;"VPDTC";"Total de vereadores eleitos do PDT";"TSE";"Vereador";5;"Regional"
"246";40913;"PIBCNE";"PIB Estadual - indústria - construção - valor adicionado - preços básicos";"IBGE";"Contas Regionais";5;"Regional"
"247";40200;"RTRFPEE";"Cota-parte do fundo de participação - estadual";"Min. Fazenda-STN";"Finanças públicas";5;"Regional"
"248";40204;"RTRKTOM";"Receita - transferências de capital - municipal";"Min. Fazenda-STN";"Finanças públicas";5;"Regional"
"249";40641;"VPTV";"Votação do PT - vereador";"TSE";"Vereador";5;"Regional"
"250";40644;"VBRANCV";"Votos brancos - vereador";"TSE";"Vereador";5;"Regional"
"251";40195;"RTAXASM";"Receita tributária - taxas - municipal";"Min. Fazenda-STN";"Finanças públicas";5;"Regional"
"252";40192;"ROUTIMPM";"Receita tributária - outros impostos - municipal";"Min. Fazenda-STN";"Finanças públicas";5;"Regional"
"253";40177;"RECORRE";"Receita corrente - estadual";"Min. Fazenda-STN";"Finanças públicas";5;"Regional"
"254";40141;"DFENERE";"Despesas por função - energia e recursos minerais - estadual";"Min. Fazenda-STN";"Finanças públicas";5;"Regional"
"255";233531900;"PIMFUMO";"Produção industrial - fumo - quantum - índice (média 2002 = 100)";"IBGE";"Produção";5;"Regional"
"256";55203941;"QUANTPRODFUMO";"Produção -  fumo";"IBGE";"Agropecuária";5;"Regional"
"257";55203952;"QUANTPRODMANDIOCA";"Produção -  mandioca";"IBGE";"Agropecuária";5;"Regional"
"258";45691323;"CN_D";"Despesas com salários nas atividades da indústria de transformação";"IBGE";"Emprego";5;"Regional"
"259";55203820;"AREACOLCEBOLA";"Área colhida -  cebola";"IBGE";"Agropecuária";5;"Regional"
"260";2043138436;"PPSL";"Votação do PSL - presidente no primeiro turno";"TSE";"Presidente";5;"Regional"
"261";55203741;"AREAPLAPERM";"Área plantada -  lavoura permanente";"IBGE";"Agropecuária";4;"Regional"
"262";55203738;"AREACOLPERM";"Área colhida -  lavoura permanente";"IBGE";"Agropecuária";4;"Regional"
"263";55204078;"VALPRODSOJA";"Produção -  soja";"IBGE";"Agropecuária";4;"Regional"
"264";233531906;"PIMMAQEQUIP";"Produção industrial - máquinas e equipamentos - quantum - índice (média 2002 = 100)";"IBGE";"Produção";4;"Regional"
"265";220638617;"PMEPIA";"População em idade ativa  PIA  - RMs";"IBGE";"Emprego";4;"Regional"
"266";162243793;"CESBMANTEIGA";"Cesta básica - manteiga - preço mensal";"Dieese";"Preços";4;"Regional"
"267";162243784;"CESBARROZ";"Cesta básica - arroz - preço mensal";"Dieese";"Preços";4;"Regional"
"268";40143;"DFHABE";"Despesas por função - habitação e urbanismo - estadual";"Min. Fazenda-STN";"Finanças públicas";4;"Regional"
"269";40145;"DFICSE";"Despesas por função - indústria, comércio e serviços - estadual";"Min. Fazenda-STN";"Finanças públicas";4;"Regional"
"270";40146;"DFICSM";"Despesas por função - indústria, comércio e serviços - municipal";"Min. Fazenda-STN";"Finanças públicas";4;"Regional"
"271";40112;"DAMODIVE";"Despesa de capital - amortização da dívida - estadual";"Min. Fazenda-STN";"Finanças públicas";4;"Regional"
"272";40162;"DINVESTM";"Despesa de capital - investimento - municipal";"Min. Fazenda-STN";"Finanças públicas";4;"Regional"
"273";40645;"VNULOV";"Votos nulos - vereador";"TSE";"Vereador";4;"Regional"
"274";40294;"PIBAL";"PIB Municipal - serviços - atividades imobiliárias e aluguel - valor adicionado - preços básicos";"IBGE";"Contas Regionais";4;"Regional"
"275";40297;"PIBCO";"PIB Municipal - serviços - comércio - valor adicionado - preços básicos";"IBGE";"Contas Regionais";4;"Regional"
"276";40202;"RTRKFPMM";"Despesa de capital - transferência do geverno federal para os municípios";"Min. Fazenda-STN";"Finanças públicas";4;"Regional"
"277";40887;"PIBGE";"PIB Estadual - serviços - administração pública - valor adicionado - preços básicos";"IBGE";"Contas Regionais";4;"Regional"
"278";1611149420;"TACIDTM";"Taxa de vítimas de acidentes de trânsito do sexo masculino(100.000 Habitantes)";"IPEA";"Segurança Pública";4;"Regional"
"279";1611149404;"PSUICID";"Proporção de suicídios como causa de mortalidade";"IPEA";"Segurança Pública";4;"Regional"
"280";1611149399;"PHOMICF";"Proporção de homicídios como causa de mortalidade do sexo feminino";"IPEA";"Segurança Pública";4;"Regional"
"281";1611149401;"PHOMICJ";"Proporção de homicídios como causa de mortalidade de jovens de 15 a 29 anos";"IPEA";"Segurança Pública";4;"Regional"
"282";1574094053;"DEPOSITGOV";"Depósitos bancários à vista - governo";"BCB";"Moeda e crédito";4;"Regional"
"283";1856503577;"POP15_19M";"Pessoas 15 a 19 anos - homens";"IBGE";"População";4;"Regional"
"284";1856503578;"POP15_19F";"Pessoas 15 a 19 anos - mulheres";"IBGE";"População";4;"Regional"
"285";1798237612;"DFJEDCM";"Despesas por função - essencial a justiça e direito da cidadania - municipal";"Min. Fazenda-STN";"Finanças públicas";4;"Regional"
"286";1798236844;"DFDELE";"Despesas por função - desportes e lazer - estadual";"Min. Fazenda-STN";"Finanças públicas";4;"Regional"
"287";554485994;"CO_AM";"Despesas nas atividades de comércio";"IBGE";"Produção";4;"Regional"
"288";1410847852;"NESTAB";"Utilização das terras - Estabelecimentos Agropecuários- Total";"IBGE";"Agropecuária";4;"Regional"
"289";1433151971;"COMP2";"Comparecimento no segundo turno das eleições";"TSE";"Eleitorado";4;"Regional"
"290";1433152240;"NPTVOF";"Número de partidos votados - prefeito";"TSE";"Prefeito";4;"Regional"
"291";1480349841;"G2PT1E";"Partido do candidato a governador mais votado no segundo turno(Estadual)";"TSE";"Governador";4;"Regional"
"292";1433152358;"PUTEIS2";"Votos úteis - presidente no segundo turno";"TSE";"Presidente";4;"Regional"
"293";1433152552;"VUTEIS";"Votos úteis - vereador";"TSE";"Vereador";4;"Regional"
"294";1433152406;"VPANC";"Total de vereadores eleitos do PAN";"TSE";"Vereador";4;"Regional"
"295";554485984;"NEOSM";"Número total de Estabelecimentos ou Unidades Locais - Serviços";"IBGE";"Produção";4;"Regional"
"296";1410847844;"INVTOT";"Investimentos realizados no ano - agropecuária - total";"IBGE";"Agropecuária";4;"Regional"
"297";233531911;"PIMMINNAOMET";"Produção industrial - minerais não metálicos - quantum - índice (média 2002 = 100)";"IBGE";"Produção";4;"Regional"
"298";286334520;"VALPRODALGODAO";"Produção -  algodão -Total";"IBGE";"Agropecuária";4;"Regional"
"299";307002541;"QUANTSUINOS";"Efetivo - suínos - qde.";"IBGE";"Agropecuária";4;"Regional"
"300";307002544;"VALORBOVINOS";"Efetivo - bovinos";"IBGE";"Agropecuária";3;"Regional"
"301";307002548;"VALORSUINOS";"Efetivo - suínos";"IBGE";"Agropecuária";3;"Regional"
"302";307002552;"QUANTGALINACEOS";"Efetivo - galináceos - qde.";"IBGE";"Agropecuária";3;"Regional"
"303";286334527;"QUANTPRODCANAM";"Produção -  cana-de-açúcar";"IBGE";"Agropecuária";3;"Regional"
"304";307002534;"ABATESUINOS";"Abate - suínos - qde.";"IBGE";"Agropecuária";3;"Regional"
"305";233531917;"PIMREFPETALC";"Produção industrial - refino de petróleo e álcool - quantum - índice (média 2002 = 100)";"IBGE";"Produção";3;"Regional"
"306";233531909;"PIMMATELECOM";"Produção industrial - material eletrônico, equip. comunicações - quantum - índice (média 2002 = 100)";"IBGE";"Produção";3;"Regional"
"307";233531902;"PIMINDTRANSFDES";"Produção industrial - indústria de transformação - quantum - índice dessaz. (média 2002 = 100)";"IBGE";"Produção";3;"Regional"
"308";233531903;"PIMINDUSTRIA";"Produção industrial - indústria geral - quantum - índice (média 2002 = 100)";"IBGE";"Produção";3;"Regional"
"309";554485991;"RECATIV_OSM";"Receitas nas atividades de Serviços";"IBGE";"Produção";3;"Regional"
"310";474103130;"AREA_ASSENTA";"Área para assentamento";"MDA";"Agropecuária";3;"Regional"
"311";1433152414;"VPCBC";"Total de vereadores eleitos do PCB";"TSE";"Vereador";3;"Regional"
"312";1433152418;"VPCDOBC";"Total de vereadores eleitos do PC do B";"TSE";"Vereador";3;"Regional"
"313";1433152438;"VPGTC";"Total de vereadores eleitos do PGT";"TSE";"Vereador";3;"Regional"
"314";1433221028;"G1PT1E";"Partido do candidato a governador mais votado no primeiro turno(Estadual)";"TSE";"Governador";3;"Regional"
"315";1433221252;"P1PT1";"Partido do candidato a presidente mais votado no primeiro turno(Municipal)";"TSE";"Presidente";3;"Regional"
"316";1438016802;"DISESP";"Custos de transportes da Sede Municipal até São Paulo";"Nemesis";"Transporte";3;"Regional"
"317";1480348987;"NCANDVOG";"Número de candidatos votados - governador(Municipal)";"TSE";"Governador";3;"Regional"
"318";1433152252;"P1VO1BR";"Votação do candidato a presidente mais votado no primeiro turno(Brasil)";"TSE";"Presidente";3;"Regional"
"319";1433152346;"PPT2";"Votação do PT - presidente no segundo turno";"TSE";"Presidente";3;"Regional"
"320";1410847839;"EMPAG";"Pessoal ocupado - agropecuária - total";"IBGE";"Agropecuária";3;"Regional"
"321";1410847865;"TRATOT";"Total de tratores existentes nos estabelecimentos agropecuários";"IBGE";"Agropecuária";3;"Regional"
"322";1433152070;"GUTEIS";"Votos úteis - governador no primeiro turno";"TSE";"Governador";3;"Regional"
"323";1798236845;"DFJEDCE";"Despesas por função - essencial a justiça e direito da cidadania - estadual";"Min. Fazenda-STN";"Finanças públicas";3;"Regional"
"324";1789684513;"CREATE";"Fluxo de crédito rural";"BCB";"Moeda e crédito";3;"Regional"
"325";1856503575;"POP10_14M";"Pessoas 10 a 14 anos - homens";"IBGE";"População";3;"Regional"
"326";1856503571;"POP0_4M";"Pessoas 0 a 4 anos - homens";"IBGE";"População";3;"Regional"
"327";1856503582;"POP25_29F";"Pessoas 25 a 29 anos - mulheres";"IBGE";"População";3;"Regional"
"328";1856503589;"POP60_69M";"Pessoas 60 a 69 anos - homens";"IBGE";"População";3;"Regional"
"329";1856503590;"POP60_69F";"Pessoas 60 a 69 anos - mulheres";"IBGE";"População";3;"Regional"
"330";1856503591;"POP70M_M";"Pessoas 70 anos e mais- homens";"IBGE";"População";3;"Regional"
"331";1856503592;"POP70M_F";"Pessoas 70 anos e mais - mulheres";"IBGE";"População";3;"Regional"
"332";1856503593;"POP80M_M";"Pessoas 80 anos e mais - homens";"IBGE";"População";3;"Regional"
"333";1856503594;"POP80M_F";"Pessoas 80 anos e mais - mulheres";"IBGE";"População";3;"Regional"
"334";1785286316;"VNOVOC";"Total de vereadores eleitos do NOVO";"TSE";"Vereador";3;"Regional"
"335";1785286318;"VPENC";"Total de vereadores eleitos do PEN";"TSE";"Vereador";3;"Regional"
"336";1789684490;"CREAT";"Estoque de crédito rural";"BCB";"Moeda e crédito";3;"Regional"
"337";1574080957;"ALTITUDE";"Altitude para os municípios da divisão político administrativa vigente em 2000";"IBGE";"Geográfico";3;"Regional"
"338";1611149381;"ACIDTF";"Número de vítimas de acidentes de trânsito do sexo feminino";"Datasus";"Segurança Pública";3;"Regional"
"339";1524753005;"DH2O";"Massa de água --  percentual da área geográfica";"IBGE";"Geográfico";3;"Regional"
"340";1524753016;"VDV";"Vegetação --  Áreas Antropicas-- percentual da área geográfica";"IBGE";"Geográfico";3;"Regional"
"341";1611149400;"PHOMICFJ";"Proporção de homicídios como causa de mortalidade de jovens de 15 a 29 anos do sexo feminino";"IPEA";"Segurança Pública";3;"Regional"
"342";1611149403;"PHOMICMJ";"Proporção de homicídios como causa de mortalidade de jovens de 15 a 29 anos do sexo masculino";"IPEA";"Segurança Pública";3;"Regional"
"343";1611149425;"THOMICJ";"Taxa de homicídios de jovens de 15 a 29 anos(100.000 Habitantes)";"IPEA";"Segurança Pública";3;"Regional"
"344";40917;"PIBSAE";"PIB Estadual - serviços - outros - saúde e educação mercantis - valor adicionado - preços básicos";"IBGE";"Contas Regionais";3;"Regional"
"345";40912;"PIBEGAE";"PIB Estadual - indústria - serviços de utilidade pública";"IBGE";"Contas Regionais";3;"Regional"
"346";40749;"VPFLC";"Total de vereadores eleitos do PFL";"TSE";"Vereador";3;"Regional"
"347";40646;"VPDSC";"Total de vereadores eleitos do PDS";"TSE";"Vereador";3;"Regional"
"348";40642;"VPTBV";"Votação do PTB - vereador";"TSE";"Vereador";3;"Regional"
"349";40643;"VPMDBV";"Votação do PMDB - vereador";"TSE";"Vereador";3;"Regional"
"350";40639;"VPDSV";"Votação do PDS - vereador";"TSE";"Vereador";3;"Regional"
"351";40640;"VPDTV";"Votação do PDT - vereador";"TSE";"Vereador";3;"Regional"
"352";40163;"DINVFINAM";"Despesa de capital - inversão financeira - municipal";"Min. Fazenda-STN";"Finanças públicas";3;"Regional"
"353";40171;"DTRKTOM";"Despesa - transferências de capital - municipal";"Min. Fazenda-STN";"Finanças públicas";3;"Regional"
"354";40153;"DFRELEXE";"Despesas por função - relações exteriores - estadual";"Min. Fazenda-STN";"Finanças públicas";3;"Regional"
"355";40157;"DFTRABE";"Despesas por função - trabalho- estadual";"Min. Fazenda-STN";"Finanças públicas";3;"Regional"
"356";40193;"ROUTRCORM";"Despesa - transferências correntes para os municípios";"Min. Fazenda-STN";"Finanças públicas";3;"Regional"
"357";40189;"RISSM";"Receita tributária - ISS - municipal";"Min. Fazenda-STN";"Finanças públicas";3;"Regional"
"358";40114;"DESCOROUM";"Despesa corrente - outras - municipal";"Min. Fazenda-STN";"Finanças públicas";3;"Regional"
"359";40129;"DFAGRE";"Despesas por função - agricultura - estadual";"Min. Fazenda-STN";"Finanças públicas";3;"Regional"
"360";40131;"DFASPRE";"Despesas por função - assistência e previdência - estadual";"Min. Fazenda-STN";"Finanças públicas";3;"Regional"
"361";40147;"DFJUDE";"Despesas por função - judiciária- estadual";"Min. Fazenda-STN";"Finanças públicas";3;"Regional"
"362";40149;"DFLEGE";"Despesas por função - legislativa- estadual";"Min. Fazenda-STN";"Finanças públicas";3;"Regional"
"363";40137;"DFDESRE";"Despesas por função - desenvolvimento regional - estadual";"Min. Fazenda-STN";"Finanças públicas";3;"Regional"
"364";162243785;"CESBFARINHA";"Cesta básica - farinha - preço mensal";"Dieese";"Preços";3;"Regional"
"365";55204007;"VALPRODARROZ";"Produção -  arroz";"IBGE";"Agropecuária";3;"Regional"
"366";55204094;"VALPRODUVA";"Produção -  uva";"IBGE";"Agropecuária";3;"Regional"
"367";162243790;"CESBBANANA";"Cesta básica - banana - preço mensal";"Dieese";"Preços";3;"Regional"
"368";220638622;"PMERENSPCC";"Rendimento médio real habitual - empregados - setor privado - com carteira assinada - RMs";"IBGE";"Emprego";3;"Regional"
"369";220638625;"PMERENSP";"Rendimento médio real habitual - empregados - setor privado - RMs";"IBGE";"Emprego";3;"Regional"
"370";220638628;"PMERENSPEFE";"Rendimento médio real efetivo - empregados - setor privado - RMs";"IBGE";"Emprego";3;"Regional"
"371";55204062;"VALPRODMANDIOCA";"Produção -  mandioca";"IBGE";"Agropecuária";3;"Regional"
"372";55204067;"VALPRODMILHO";"Produção -  milho";"IBGE";"Agropecuária";3;"Regional"
"373";55203984;"QUANTPRODUVA";"Produção -  uva";"IBGE";"Agropecuária";3;"Regional"
"374";55203864;"AREACOLTOMATE";"Área colhida -  tomate";"IBGE";"Agropecuária";3;"Regional"
"375";55203869;"AREACOLTRIGO";"Área colhida -  trigo";"IBGE";"Agropecuária";3;"Regional"
"376";55203875;"AREACOLUVA";"Área colhida -  uva";"IBGE";"Agropecuária";3;"Regional"
"377";55203782;"AREACOLAMENDOIM";"Área colhida -  amendoim";"IBGE";"Agropecuária";3;"Regional"
"378";55203897;"QUANTPRODARROZ";"Produção -  arroz";"IBGE";"Agropecuária";2;"Regional"
"379";55203831;"AREACOLFUMO";"Área colhida -  fumo";"IBGE";"Agropecuária";2;"Regional"
"380";55203743;"AREAPLATEMP";"Área plantada - lavoura temporária";"IBGE";"Agropecuária";2;"Regional"
"381";55203755;"VALPRODPERM";"Produção - lavoura permanente";"IBGE";"Agropecuária";2;"Regional"
"382";55203760;"VALPRODTEMP";"Produção - lavoura temporária";"IBGE";"Agropecuária";2;"Regional"
"383";55203974;"QUANTPRODTOMATE";"Produção -  tomate";"IBGE";"Agropecuária";2;"Regional"
"384";55203946;"QUANTPRODLARANJA";"Produção -  laranja";"IBGE";"Agropecuária";2;"Regional"
"385";55203930;"QUANTPRODCEBOLA";"Produção -  cebola";"IBGE";"Agropecuária";2;"Regional"
"386";55204040;"VALPRODCEBOLA";"Produção -  cebola";"IBGE";"Agropecuária";2;"Regional"
"387";55204083;"VALPRODTOMATE";"Produção -  tomate";"IBGE";"Agropecuária";2;"Regional"
"388";55204089;"VALPRODTRIGO";"Produção -  trigo";"IBGE";"Agropecuária";2;"Regional"
"389";55204023;"VALPRODCACAU";"Produção -  cacau";"IBGE";"Agropecuária";2;"Regional"
"390";220638629;"PMERENPUBEFE";"Rendimento médio real efetivo - empregados - setor público - RMs";"IBGE";"Emprego";2;"Regional"
"391";220638626;"PMERENPUB";"Rendimento médio real habitual - empregados - setor público - RMs";"IBGE";"Emprego";2;"Regional"
"392";233531898;"PIMEXTMINDES";"Produção industrial - extrativa mineral - quantum - índice dessaz. (média 2002 = 100)";"IBGE";"Produção";2;"Regional"
"393";233531895;"PIMEDIMPGRA";"Produção industrial - edição, impressão de gravações - quantum - índice (média 2002 = 100)";"IBGE";"Produção";2;"Regional"
"394";233531892;"PIMBORRAPLAS";"Produção industrial - borracha e plástico - quantum - índice (média 2002 = 100)";"IBGE";"Produção";2;"Regional"
"395";233531893;"PIMCALCOURO";"Produção industrial - calçados e artigos de couro - quantum - índice (média 2002 = 100)";"IBGE";"Produção";2;"Regional"
"396";220549553;"VINHO";"Preço médio - vinho - litro";"OUTFONTE";"Preços";2;"Regional"
"397";220638609;"PMEPOPOCUSPCC";"População ocupada - empregada - setor privado - com carteira assinada - RMs";"IBGE";"Emprego";2;"Regional"
"398";220638610;"PMEPOPOCUSPSC";"População ocupada - empregada - setor privado - sem carteira assinada - RMs";"IBGE";"Emprego";2;"Regional"
"399";220638599;"PMEPOPNAOPEADIS";"População não economicamente ativa - disponíveis - RMs";"IBGE";"Emprego";2;"Regional"
"400";147538481;"KIN";"Estoque líquido capital - privado - indústria";"IPEA";"Estoque de capital";2;"Regional"
"401";148839861;"KLPCR";"Estoque líquido capital - privado - comércio";"IPEA";"Estoque de capital";2;"Regional"
"402";162243787;"CESBTOMATE";"Cesta básica - tomate - preço mensal";"Dieese";"Preços";2;"Regional"
"403";162243789;"CESBCAFE";"Cesta básica - café - preço mensal";"Dieese";"Preços";2;"Regional"
"404";40148;"DFJUDM";"Despesas por função - judiciária- municipal";"Min. Fazenda-STN";"Finanças públicas";2;"Regional"
"405";40133;"DFCOME";"Despesas por função - comunicações - estadual";"Min. Fazenda-STN";"Finanças públicas";2;"Regional"
"406";40119;"DESPCUPM";"Despesa de custeio - pessoal -  municipal";"Min. Fazenda-STN";"Finanças públicas";2;"Regional"
"407";40127;"DFADME";"Despesas por função - administração e planejamento - estadual";"Min. Fazenda-STN";"Finanças públicas";2;"Regional"
"408";40184;"REKOUTM";"Receitas de capital - outros - municipal";"Min. Fazenda-STN";"Finanças públicas";2;"Regional"
"409";40185;"RICMSM";"Transferências para os municípios referentes ICMS";"Min. Fazenda-STN";"Finanças públicas";2;"Regional"
"410";40196;"RTRCOESTM";"Transferências correntes de tributos estaduais para os municípios";"Min. Fazenda-STN";"Finanças públicas";2;"Regional"
"411";40182;"REKE";"Receita de capital - estadual";"Min. Fazenda-STN";"Finanças públicas";2;"Regional"
"412";40614;"FPTB";"Votação do PTB - prefeito no primeiro turno";"TSE";"Prefeito";2;"Regional"
"413";40288;"PIBSIU";"PIB Municipal - indústria - serviços de utilidade pública";"IBGE";"Contas Regionais";2;"Regional"
"414";40295;"PIBOS";"PIB Municipal - serviços - outros - valor adicionado - preços básicos";"IBGE";"Contas Regionais";2;"Regional"
"415";40852;"CRMUNURB";"Capital Residencial - Urbano";"IPEA";"Estoque de capital";2;"Regional"
"416";1611149414;"SUICIDM";"Número de suicídios do sexo masculino";"Datasus";"Segurança Pública";2;"Regional"
"417";1583189251;"PASTOT";"Utilização das terras - pastagens totais - área";"IBGE";"Agropecuária";2;"Regional"
"418";1524753012;"VDT";"Vegetação --  Savana Estepica-- percentual da área geográfica";"IBGE";"Geográfico";2;"Regional"
"419";1574534191;"DISTCAPF";"Distância à capital federal para os municípios da divisão político administrativa vigente em 2000";"IPEA";"Geográfico";2;"Regional"
"420";1574094051;"AGENCIAS";"Número de agências bancárias";"BCB";"Moeda e crédito";2;"Regional"
"421";1765452345;"NEOS";"Número total de Estabelecimentos ou Unidades Locais - Serviços";"IBGE";"Produção";2;"Regional"
"422";1714924690;"TOTAMC7091";"Número de AMC no período de 1970 a 1991";"IBGE";"Geográfico";2;"Regional"
"423";1714924696;"TOTAMC7000";"Número de AMC no período de 1970 a 2000";"IBGE";"Geográfico";2;"Regional"
"424";1748600757;"POPINTAMC60";"População estimada para as áreas minimas comparáveis no período de 1960-2000";"IPEA";"População";2;"Regional"
"425";1654876200;"EPTCADE";"Total de deputados estaduais eleitos do PT";"TSE";"Deputado Estadual";2;"Regional"
"426";1856503579;"POP20_24M";"Pessoas 20 a 24 anos - homens";"IBGE";"População";2;"Regional"
"427";1856503572;"POP0_4F";"Pessoas 0 a 4 anos - mulheres";"IBGE";"População";2;"Regional"
"428";1856503573;"POP5_9M";"Pessoas 5 a 9 anos - homens";"IBGE";"População";2;"Regional"
"429";1798237615;"DFENCEE";"Despesas por função - encargos especiais - estadual";"Min. Fazenda-STN";"Finanças públicas";2;"Regional"
"430";1410847837;"BENS";"Valor dos bens - agropecuária  - total";"IBGE";"Agropecuária";2;"Regional"
"431";1410847857;"RTEAG";"Receitas no ano - agropecuária -  total";"IBGE";"Agropecuária";2;"Regional"
"432";1433152326;"PPRN2";"Votação do PRN - presidente no segundo turno";"TSE";"Presidente";2;"Regional"
"433";1433152272;"P2VO1BR";"Votação do candidato a presidente mais votado no segundo turno(Brasil)";"TSE";"Presidente";2;"Regional"
"434";1480349161;"NCANDVOPE";"Número de candidatos votados - presidente(Estadual)";"TSE";"Presidente";2;"Regional"
"435";1433152546;"VPVC";"Total de vereadores eleitos do PV";"TSE";"Vereador";2;"Regional"
"436";1433152482;"VPRPC";"Total de vereadores eleitos do PRP";"TSE";"Vereador";2;"Regional"
"437";474103131;"NUN_PROJETOS";"Número de projetos";"MDA";"Agropecuária";2;"Regional"
"438";443089552;"QUANTPRODBOVINOSM";"Efetivo - bovinos - qde.";"IBGE";"Agropecuária";2;"Regional"
"439";381346331;"VPRBC";"Total de vereadores eleitos do PRB";"TSE";"Vereador";2;"Regional"
"440";554485986;"EMPOSM";"Pessoal ocupado - Serviços";"IBGE";"Emprego";2;"Regional"
"441";554486003;"RECATIV_COM";"Receitas nas atividades de comércio";"IBGE";"Produção";2;"Regional"
"442";233531916;"PIMPRODMETEXCME";"Produção industrial - produtos de metal -exclus. máq. e equip. - quantum - índice (média 2002 = 100)";"IBGE";"Produção";2;"Regional"
"443";286334523;"QUANTPRODBANANAM";"Produção -  banana";"IBGE";"Agropecuária";2;"Regional"
"444";307002535;"ABATEOVINOS";"Abate - ovinos - qde.";"IBGE";"Agropecuária";2;"Regional"
"445";307002536;"ABATECAPRINOS";"Abate - caprinos - qde.";"IBGE";"Agropecuária";2;"Regional"
"446";307002543;"QUANTCAPRINOS";"Efetivo - caprinos - qde.";"IBGE";"Agropecuária";2;"Regional"
"447";307002540;"QUANTMUARES";"Efetivo - muares - qde.";"IBGE";"Agropecuária";1;"Regional"
"448";307002545;"VALOREQUINOS";"Efetivo - equinos";"IBGE";"Agropecuária";1;"Regional"
"449";233531914;"PIMOUTPQUIMICO";"Produção industrial - outros produtos químicos - quantum - índice (média 2002 = 100)";"IBGE";"Produção";1;"Regional"
"450";961850689;"EPRCE";"Total de deputados estaduais eleitos do PR";"TSE";"Deputado Estadual";1;"Regional"
"451";961850698;"DDEMCE";"Total de deputados federais eleitos do DEM";"TSE";"Deputado Federal";1;"Regional"
"452";1410847835;"AEAGP";"Utilização das terras - Área do Estabelecimento- Total";"IBGE";"Agropecuária";1;"Regional"
"453";1410847845;"IRRIG";"Terras irrigadas no ano - total da area irrigada - área";"IBGE";"Agropecuária";1;"Regional"
"454";1410847846;"LAPER";"Utilização das terras - lavouras permanentes - área";"IBGE";"Agropecuária";1;"Regional"
"455";1410847847;"LATEM";"Utilização das terras - lavouras temporarias - área";"IBGE";"Agropecuária";1;"Regional"
"456";554485987;"EMPPSOC_OSM";"Pessoal ocupado-proprietários e sócios - Serviços";"IBGE";"Emprego";1;"Regional"
"457";554485989;"CS_AM";"Despesas nas atividades de Serviços";"IBGE";"Produção";1;"Regional"
"458";554485990;"CS_OM";"Despesas com salários nas atividades de Serviços";"IBGE";"Emprego";1;"Regional"
"459";554485993;"CO_OM";"Despesas com salários nas atividades de comércio";"IBGE";"Emprego";1;"Regional"
"460";554486002;"EMPEMP_COM";"Pessoal ocupado-empregados - comercio";"IBGE";"Emprego";1;"Regional"
"461";381346333;"VPRC";"Total de vereadores eleitos do PR";"TSE";"Vereador";1;"Regional"
"462";381346335;"VPSOLC";"Total de vereadores eleitos do PSOL";"TSE";"Vereador";1;"Regional"
"463";307002556;"QUANTOVOGALINHA";"Produção - ovos de galinha - qde.";"IBGE";"Agropecuária";1;"Regional"
"464";307002557;"VALOROVOGALINHA";"Produção - ovos de galinha";"IBGE";"Agropecuária";1;"Regional"
"465";474103129;"CAPACIDADE_NFAM";"Capacidade de assentamentos: números de famílias";"MDA";"Agropecuária";1;"Regional"
"466";554485985;"CAPAPLIC_OSM";"Capital aplicado - Serviços";"IBGE";"Estoque de capital";1;"Regional"
"467";1433152486;"VPRTBC";"Total de vereadores eleitos do PRTB";"TSE";"Vereador";1;"Regional"
"468";1433152490;"VPSBC";"Total de vereadores eleitos do PSB";"TSE";"Vereador";1;"Regional"
"469";1433152494;"VPSCC";"Total de vereadores eleitos do PSC";"TSE";"Vereador";1;"Regional"
"470";1433152502;"VPSDC";"Total de vereadores eleitos do PSD";"TSE";"Vereador";1;"Regional"
"471";1433152504;"VPSDCC";"Total de vereadores eleitos do PSDC";"TSE";"Vereador";1;"Regional"
"472";1433152510;"VPSLC";"Total de vereadores eleitos do PSL";"TSE";"Vereador";1;"Regional"
"473";1433152514;"VPSNC";"Total de vereadores eleitos do PSN";"TSE";"Vereador";1;"Regional"
"474";1433152518;"VPSTC";"Total de vereadores eleitos do PST";"TSE";"Vereador";1;"Regional"
"475";1433152520;"VPSTUC";"Total de vereadores eleitos do PSTU";"TSE";"Vereador";1;"Regional"
"476";1433152532;"VPTDOBC";"Total de vereadores eleitos do PT do B";"TSE";"Vereador";1;"Regional"
"477";1433152536;"VPTNC";"Total de vereadores eleitos do PTN";"TSE";"Vereador";1;"Regional"
"478";1433152442;"VPHSC";"Total de vereadores eleitos do PHS";"TSE";"Vereador";1;"Regional"
"479";1433152458;"VPMNC";"Total de vereadores eleitos do PMN";"TSE";"Vereador";1;"Regional"
"480";1433152470;"VPPSC";"Total de vereadores eleitos do PPS";"TSE";"Vereador";1;"Regional"
"481";1433152474;"VPRNC";"Total de vereadores eleitos do PRN";"TSE";"Vereador";1;"Regional"
"482";1433152478;"VPRONAC";"Total de vereadores eleitos do PRONA";"TSE";"Vereador";1;"Regional"
"483";1433152422;"VPCOC";"Total de vereadores eleitos do POC";"TSE";"Vereador";1;"Regional"
"484";1433221254;"P1PT1BR";"Partido do candidato a presidente mais votado no primeiro turno(Brasil)";"TSE";"Presidente";1;"Regional"
"485";1433221256;"P1PT1E";"Partido do candidato a presidente mais votado no primeiro turno(Estadual)";"TSE";"Presidente";1;"Regional"
"486";1433221258;"P1PT1R";"Partido do candidato a presidente mais votado no primeiro turno(Regional)";"TSE";"Presidente";1;"Regional"
"487";1433221294;"P2PT1R";"Partido do candidato a presidente mais votado no segundo turno(Regional)";"TSE";"Presidente";1;"Regional"
"488";1433152274;"P2VO1E";"Votação do candidato a presidente mais votado no segundo turno(Estadual)";"TSE";"Presidente";1;"Regional"
"489";1433152254;"P1VO1E";"Votação do candidato a presidente mais votado no primeiro turno(Estadual)";"TSE";"Presidente";1;"Regional"
"490";1433152264;"P1VO2BR";"Votação do segundo candidato a presidente mais votado no primeiro turno(Brasil)";"TSE";"Presidente";1;"Regional"
"491";1433152046;"G1VO1E";"Votação do candidato a governador mais votado no primeiro turno(Estadual)";"TSE";"Governador";1;"Regional"
"492";1410847859;"TENUT";"Utilização das terras - terras produtivas nao utilizadas - área";"IBGE";"Agropecuária";1;"Regional"
"493";1410847864;"TINAP";"Utilização das terras - terras inaproveitáveis - área";"IBGE";"Agropecuária";1;"Regional"
"494";1410847853;"PASNAT";"Utilização das terras - pastagens naturais - área";"IBGE";"Agropecuária";1;"Regional"
"495";1410847854;"PASPLA";"Utilização das terras - pastagens plantadas (artificiais) - área";"IBGE";"Agropecuária";1;"Regional"
"496";1433152074;"NPTVOGE";"Número de partidos votados - governador(Estadual)";"TSE";"Governador";1;"Regional"
"497";1433152234;"FUTEIS";"Votos úteis - prefeito no primeiro turno";"TSE";"Prefeito";1;"Regional"
"498";1433152236;"FUTEIS2";"Votos úteis - prefeito no segundo turno";"TSE";"Prefeito";1;"Regional"
"499";1856503576;"POP10_14F";"Pessoas 10 a 14 anos - mulheres";"IBGE";"População";1;"Regional"
"500";1856503583;"POP30_39M";"Pessoas 30 a 39 anos - homens";"IBGE";"População";1;"Regional"
"501";1654876202;"EPTBCE";"Total de deputados estaduais eleitos do PTB";"TSE";"Deputado Estadual";1;"Regional"
"502";1654876302;"SPTCADE";"Total de senadores eleitos do PT";"TSE";"Senador";1;"Regional"
"503";1654876304;"SPTBCE";"Total de senadores eleitos do PTB";"TSE";"Senador";1;"Regional"
"504";1654876318;"SPSDBCE";"Total de senadores eleitos do PSDB";"TSE";"Senador";1;"Regional"
"505";1696676241;"testemen";"Teste para dados mensais";"Minagincom";"Geográfico";1;"Regional"
"506";1763647118;"G1PT1";"Partido do candidato a governador mais votado no primeiro turno(Municipal)";"TSE";"Governador";1;"Regional"
"507";1714924698;"TOTAMC9100";"Número de AMC no período de 1991 a 2000";"IBGE";"Geográfico";1;"Regional"
"508";1714924694;"TOTAMC9195";"Número de AMC no período de 1991 a 1995";"IBGE";"Geográfico";1;"Regional"
"509";1785286317;"VPMBC";"Total de vereadores eleitos do PMB";"TSE";"Vereador";1;"Regional"
"510";1785286319;"VPROSC";"Total de vereadores eleitos do PROS";"TSE";"Vereador";1;"Regional"
"511";1785286320;"VREDEC";"Total de vereadores eleitos do REDE";"TSE";"Vereador";1;"Regional"
"512";1775285212;"VPPLC";"Total de vereadores eleitos do PPL";"TSE";"Vereador";1;"Regional"
"513";1574094057;"OBRIGREC";"Obrigações por recebimento";"BCB";"Moeda e crédito";1;"Regional"
"514";1583189250;"FLOTOT";"Utilização das terras - matas e florestas  totais- área";"IBGE";"Agropecuária";1;"Regional"
"515";1611149383;"ACIDTJ";"Número de vítimas de acidentes de trânsito de jovens de 15 a 29 anos";"Datasus";"Segurança Pública";1;"Regional"
"516";1611149384;"ACIDTM";"Número de vítimas de acidentes de trânsito do sexo masculino";"Datasus";"Segurança Pública";1;"Regional"
"517";1524753013;"VDP";"Vegetação --  Fomações Pioneiras-- percentual da área geográfica";"IBGE";"Geográfico";1;"Regional"
"518";1524753014;"VDTE";"Vegetação --  Áreas de Tensão Ecológica-- percentual da área geográfica";"IBGE";"Geográfico";1;"Regional"
"519";1524753015;"VDR";"Vegetação --  Refúgios Vegetacionais-- percentual da área geográfica";"IBGE";"Geográfico";1;"Regional"
"520";1558887088;"KUNRR";"Estoque líquido capital - empresas privadas";"IPEA";"Estoque de capital";1;"Regional"
"521";1524753006;"VDD";"Vegetação --  Floresta Ombrofila Densa-- percentual da área geográfica";"IBGE";"Geográfico";1;"Regional"
"522";1524753007;"VDA";"Vegetação --  Floresta Ombrofila Aberta-- percentual da área geográfica";"IBGE";"Geográfico";1;"Regional"
"523";1524753008;"VDF";"Vegetação --  Floresta Estacional Semidecidual -1991";"IBGE";"Geográfico";1;"Regional"
"524";1524753009;"VDC";"Vegetação --  Floresta Estacional Decidual-- percentual da área geográfica";"IBGE";"Geográfico";1;"Regional"
"525";1524753010;"VDL";"Vegetação --  Campinarana-- percentual da área geográfica";"IBGE";"Geográfico";1;"Regional"
"526";1524753011;"VDS";"Vegetação --  Savana-- percentual da área geográfica";"IBGE";"Geográfico";1;"Regional"
"527";1611149397;"PACIDTMJ";"Proporção de acidentes de trânsito como causa de mortalidade de jovens de 15 a 29 anos do sexo mascu";"IPEA";"Segurança Pública";1;"Regional"
"528";1611149402;"PHOMICM";"Proporção de homicídios como causa de mortalidade do sexo masculino";"IPEA";"Segurança Pública";1;"Regional"
"529";1611149406;"PSUICIDFJ";"Proporção de suicídios como causa de mortalidade de jovens de 15 a 29 anos do sexo feminino";"IPEA";"Segurança Pública";1;"Regional"
"530";1611149424;"THOMICFJ";"Taxa de homicídios de jovens de 15 a 29 anos do sexo feminino(100.000 Habitantes)";"IPEA";"Segurança Pública";1;"Regional"
"531";1611149429;"TSUICIDF";"Taxa de suicídios do sexo feminino(100.000 Habitantes)";"IPEA";"Segurança Pública";1;"Regional"
"532";1611149432;"TSUICIDM";"Taxa de suicídios do sexo masculino(100.000 Habitantes)";"IPEA";"Segurança Pública";1;"Regional"
"533";1628104086;"VPPC";"Total de vereadores eleitos do PP";"TSE";"Vereador";1;"Regional"
"534";1628104088;"VPTCC";"Total de vereadores eleitos do PTC";"TSE";"Vereador";1;"Regional"
"535";1654876112;"DPTCADE";"Total de deputados federais eleitos do PT";"TSE";"Deputado Federal";1;"Regional"
"536";1654876118;"DPSLCE";"Total de deputados federais eleitos do PSL";"TSE";"Deputado Federal";1;"Regional"
"537";40885;"PIBALE";"PIB Estadual - serviços - atividades imobiliárias e aluguel - valor adicionado - preços básicos";"IBGE";"Contas Regionais";1;"Regional"
"538";40886;"PIBCOE";"PIB Estadual - serviços - comércio - valor adicionado - preços básicos";"IBGE";"Contas Regionais";1;"Regional"
"539";40750;"VPLC";"Total de vereadores eleitos do PL";"TSE";"Vereador";1;"Regional"
"540";40751;"VPSDBC";"Total de vereadores eleitos do PSDB";"TSE";"Vereador";1;"Regional"
"541";40754;"VMAISPT";"Partido do candidato a vereador mais votado";"TSE";"Vereador";1;"Regional"
"542";40850;"CHTOTBR";"Capital Humano";"IPEA";"Estoque de capital";1;"Regional"
"543";40748;"VPPBC";"Total de vereadores eleitos do PPB";"TSE";"Vereador";1;"Regional"
"544";40648;"VPTC";"Total de vereadores eleitos do PT";"TSE";"Vereador";1;"Regional"
"545";40650;"VPMDBC";"Total de vereadores eleitos do PMDB";"TSE";"Vereador";1;"Regional"
"546";40205;"RTRPRUE";"Participação estadual na receita da união";"Min. Fazenda-STN";"Finanças públicas";1;"Regional"
"547";40616;"FBRANCO";"Votos brancos - prefeito no primeiro turno";"TSE";"Prefeito";1;"Regional"
"548";40606;"GPT";"Votação do PT - governador no primeiro turno";"TSE";"Governador";1;"Regional"
"549";40613;"FPT";"Votação do PT - prefeito no primeiro turno";"TSE";"Prefeito";1;"Regional"
"550";40183;"REKM";"Receita de capital - municipal";"Min. Fazenda-STN";"Finanças públicas";1;"Regional"
"551";40176;"RECOROUTM";"Receita corrente - outras - municipal";"Min. Fazenda-STN";"Finanças públicas";1;"Regional"
"552";40154;"DFRELEXM";"Despesas por função - relações exteriores - municipal";"Min. Fazenda-STN";"Finanças públicas";1;"Regional"
"553";40166;"DTRCORTOE";"Despesa - transferências correntes - estadual";"Min. Fazenda-STN";"Finanças públicas";1;"Regional"
"554";40120;"DESPCUTE";"Despesa de custeio - estadual";"Min. Fazenda-STN";"Finanças públicas";1;"Regional"
"555";40123;"DESPKE";"Despesa de capital - estadual";"Min. Fazenda-STN";"Finanças públicas";1;"Regional"
"556";162243781;"CESBCARNE";"Cesta básica - carne - preço mensal";"Dieese";"Preços";1;"Regional"
"557";162243782;"CESBLEITE";"Cesta básica - leite - preço mensal";"Dieese";"Preços";1;"Regional"
"558";162243786;"CESBBATATA";"Cesta básica - batata - preço mensal";"Dieese";"Preços";1;"Regional"
"559";148839874;"KLPTR";"Estoque líquido capital - privado";"IPEA";"Estoque de capital";1;"Regional"
"560";138148647;"NELAPER";"Utilização das terras  - lavouras permanentes - estabelecimentos";"IBGE";"Agropecuária";1;"Regional"
"561";138148648;"NELATEM";"Utilização das terras  - lavouras temporarias - estabelecimentos";"IBGE";"Agropecuária";1;"Regional"
"562";138148652;"NEFLOPLA";"Utilização das terras  - matas plantadas (artificiais)-estabelecimentos";"IBGE";"Agropecuária";1;"Regional"
"563";138148653;"NETENUT";"Utilização das terras  - terras produtivas nao utilizadas - estabelecimentos";"IBGE";"Agropecuária";1;"Regional"
"564";138148656;"NETINAP";"Utilização das terras  - terras inaproveitáveis - estabelecimentos";"IBGE";"Agropecuária";1;"Regional"
"565";220638604;"PMEPOPOCUCP";"População ocupada - conta própria - RMs";"IBGE";"Emprego";1;"Regional"
"566";162243792;"CESBOLEO";"Cesta básica - óleo - preço mensal";"Dieese";"Preços";1;"Regional"
"567";220549471;"ACUCAR_BRANCO";"Preço médio - açúcar branco - arroba";"OUTFONTE";"Preços";1;"Regional"
"568";220549487;"CACAU";"Preço médio - cacau - arroba";"OUTFONTE";"Preços";1;"Regional"
"569";220549505;"FARINHA_MANDIO";"Preço médio - farinha de mandioca - alqueire";"OUTFONTE";"Preços";1;"Regional"
"570";220549552;"VINAGRE";"Preço médio - vinagre - litro";"OUTFONTE";"Preços";1;"Regional"
"571";233531899;"PIMFARMAC";"Produção industrial - farmacêutica - quantum - índice (média 2002 = 100)";"IBGE";"Produção";1;"Regional"
"572";233531907;"PIMMAQESCRITINF";"Produção industrial - máquinas p/ escritório e equip. inform. - quantum - índice (média 2002 = 100)";"IBGE";"Produção";1;"Regional"
"573";233531908;"PIMMAQAPAELE";"Produção industrial - máquinas, aparelhos e mater. elétricos - quantum - índice (média 2002 = 100)";"IBGE";"Produção";1;"Regional"
"574";220638624;"PMERENSPSC";"Rendimento médio real habitual - empregados - setor privado - sem carteira assinada - RMs";"IBGE";"Emprego";1;"Regional"
"575";220638614;"PMEPOPSUB";"População subocupada - RMs";"IBGE";"Emprego";1;"Regional"
"576";113837036;"TOTAMC9105";"Número de AMC no período de 1991 a 2005";"IBGE";"Geográfico";1;"Regional"
"577";113837037;"TOTAMC9705";"Número de AMC no período de 1997 a 2005";"IBGE";"Geográfico";1;"Regional"
"578";113837038;"TOTAMC7205";"Número de AMC no período de 1872 a 2005";"IBGE";"Geográfico";1;"Regional"
"579";113837043;"TOTAMC4000";"Número de AMC no período de 1940 a 2000";"IBGE";"Geográfico";1;"Regional"
"580";55204045;"VALPRODFEIJAO";"Produção -  feijão";"IBGE";"Agropecuária";1;"Regional"
"581";55203935;"QUANTPRODFEIJAO";"Produção -  feijão";"IBGE";"Agropecuária";1;"Regional"
"582";55203853;"AREACOLPIMENTA";"Área colhida -  pimenta do reino";"IBGE";"Agropecuária";1;"Regional"
"583";55203963;"QUANTPRODPIMENTA";"Produção -  pimenta do reino";"IBGE";"Agropecuária";1;"Regional"
"584";55203996;"VALPRODALGHER";"Produção -  algodão - herbáceo (caroço)";"IBGE";"Agropecuária";1;"Regional"
"585";55203739;"AREACOLTEMP";"Área colhida -  lavoura temporária";"IBGE";"Agropecuária";1;"Regional"
"586";45691325;"CO_TOTAL";"Despesas com salários nas atividades do Comércio Total";"IBGE";"Emprego";1;"Regional"
"587";45691326;"CS_TOTAL";"Despesas com salários nas atividades do Serviço Total";"IBGE";"Emprego";1;"Regional"
"588";46456606;"VPRODPIN";"Valor da produção - Indústria - Total";"IBGE";"Contas Regionais";1;"Regional"
"589";45691320;"S_AGROD";"Despesas com salários nas atividades da agropecuária";"IBGE";"Emprego";1;"Regional"
"590";45691321;"CO_O";"Despesas com salários nas atividades do comércio";"IBGE";"Emprego";1;"Regional"
"591";45691322;"CN_C";"Despesas com salários nas atividades da indústria extrativa";"IBGE";"Emprego";1;"Regional"
"592";55203776;"AREACOLALGHER";"Área colhida -  algodão - herbáceo (caroço)";"IBGE";"Agropecuária";1;"Regional"
"593";55203798;"AREACOLBATATA";"Área colhida -  batata inglesa";"IBGE";"Agropecuária";1;"Regional"
